plantId,url
BELLEVILLE,https://upload.wikimedia.org/wikipedia/commons/thumb/d/d9/Centrale_nucl%C3%A9aire_de_belleville.jpg/1024px-Centrale_nucl%C3%A9aire_de_belleville.jpg
BELLEVILLE,https://www.francetvinfo.fr/image/750p2izar-950a/1200/450/5050031.jpg
BLAYAIS,http://2.bp.blogspot.com/-92jhExLeMhs/TYTGgdICeFI/AAAAAAAAIlM/ZyLQbRwFb_Y/s1600/Centrale%2Bbraud%2B%2Bjolie.jpg
BLAYAIS,http://2.bp.blogspot.com/-l5OeSoSdSzI/TYTHV_asokI/AAAAAAAAIl0/a7EqAoDlzmc/s1600/Centrale%2Bbraud%2Bcouleur.jpg
BLAYAIS,https://upload.wikimedia.org/wikipedia/commons/thumb/a/a1/Pauillac_blayais.JPG/1024px-Pauillac_blayais.JPG
BLAYAIS,https://images.sudouest.fr/2016/05/24/57e1075c66a4bde778cbb078/widescreen/1000x500/la-reserve-naturelle-de-la-centrale-est-composee-de-deux-grands-plans-deau-servant-de-zone-de-repos-aux-oiseaux-migrateurs-plus-de-150-especes-frequentent-la-reserve.jpg
BUGEY,https://www.edf.fr/sites/default/files/contrib/groupe-edf/producteur-industriel/carte-des-implantations/centrale-bugey/presentation/imagebugey2016_light.jpg
BUGEY,https://www.entrepriseetdecouverte.fr/wp-content/uploads/2015/10/2993_EDF_CENTRALE_BUGEY-3.jpg
BUGEY,https://fr.euractiv.eu/wp-content/uploads/sites/3/2016/03/bugey.jpg
BUGEY,https://www.illustre.ch//sites/default/files/styles/teaser_huge_desktop/public/media/2018/10/17/file729e6ohjgmvows2ag2l.jpg?h=e4522bad&itok=J2OxlrGu
BUGEY,https://upload.wikimedia.org/wikipedia/commons/thumb/1/18/Centrale-nucleaire-Bugey.jpg/1024px-Centrale-nucleaire-Bugey.jpg
CATTENOM,https://upload.wikimedia.org/wikipedia/commons/thumb/3/3a/Kernkraftwerk_Cattenom_Pano.jpg/1280px-Kernkraftwerk_Cattenom_Pano.jpg?uselang=fr
CATTENOM,https://upload.wikimedia.org/wikipedia/commons/thumb/3/39/Atomkraftwerk_Cattenom_und_K%C3%BChlwasserstausee_Lac_du_Mirgenbach.JPG/1024px-Atomkraftwerk_Cattenom_und_K%C3%BChlwasserstausee_Lac_du_Mirgenbach.JPG?uselang=fr
CATTENOM,https://upload.wikimedia.org/wikipedia/commons/thumb/4/4e/Nuclear_Power_Plant_Cattenom.jpg/1024px-Nuclear_Power_Plant_Cattenom.jpg?uselang=fr
CHINON,https://cdn.radiofrance.fr/s3/cruiser-production/2017/09/ede1fb29-98fb-4cfd-bdd4-e34308f1db70/870x489_maxstockworld104268.webp
CHINON,https://pbs.twimg.com/media/DHhJmgpXUAEDeQe?format=jpg&name=4096x4096
CHINON,https://www.lafrenchcom.fr/wp-content/uploads/2018/11/centrale-de-chinon.jpg
CHINON,https://images.lanouvellerepublique.fr/image/upload/5d23e35d41d1239b658b46be.jpg
CHINON,https://images.lanouvellerepublique.fr/image/upload/5d1aa92097c650683a8b4618.jpg
CHOOZ,https://upload.wikimedia.org/wikipedia/commons/thumb/9/92/Chooz_Nuclear_Power_Plant-9361.jpg/1280px-Chooz_Nuclear_Power_Plant-9361.jpg?uselang=fr
CHOOZ,https://fetedelanature.com/sites/default/files/styles/galerie_photos/public/banc-de-chooz-01_0.jpg?itok=KnSw5M4Z
CHOOZ,https://siena.rosselcdn.net/sites/default/files/dpistyles_v2/ena_16_9_extra_big/2016/12/04/node_17265/48815/public/2016/12/04/B9710421249Z.1_20161204164102_000%2BGCU83LHPH.2-0.jpg?itok=DWUK_pBk1480866069
CIVAUX,https://upload.wikimedia.org/wikipedia/commons/thumb/4/4f/Entr%C3%A9e_de_la_centrale_de_Civaux.JPG/1024px-Entr%C3%A9e_de_la_centrale_de_Civaux.JPG?uselang=fr
CIVAUX,https://upload.wikimedia.org/wikipedia/commons/thumb/d/d0/Vue_a%C3%A9rienne_de_la_centrale_de_Civaux.JPG/1024px-Vue_a%C3%A9rienne_de_la_centrale_de_Civaux.JPG?uselang=fr
CIVAUX,https://servihotel.fr/wp-content/uploads/2018/02/civaux_1.jpg
CRUAS,https://upload.wikimedia.org/wikipedia/commons/b/b5/Centrale_nucl%C3%A9aire_de_Cruas-Meysse.jpg?uselang=fr
CRUAS,https://upload.wikimedia.org/wikipedia/commons/d/d2/Site_nucl%C3%A9aire_de_Cruas_%28FR07%29.jpg?uselang=fr
CRUAS,https://upload.wikimedia.org/wikipedia/commons/d/dd/Cruas-1.JPG?uselang=fr
CRUAS,https://upload.wikimedia.org/wikipedia/commons/9/95/Centrale_de_Cruas.jpg?uselang=fr
CRUAS,https://s1.lprs1.fr/images/2018/07/26/7834146_30d24bdc-909b-11e8-8d2a-b1952abd18f1-1.jpg
DAMPIERRE,https://france3-regions.francetvinfo.fr/centre-val-de-loire/sites/regions_france3/files/styles/top_big/public/assets/images/2019/09/18/vue_aerienne_de_la_centrale_nucleaire_de_dampierre-4426855.jpg?itok=Hy5VOGdW
DAMPIERRE,https://cdn.radiofrance.fr/s3/cruiser-production/2016/04/b619b0ca-fb30-4510-9ff5-b475ebce3384/1200x680_maxnewsworldthree606907.jpg
DAMPIERRE,https://upload.wikimedia.org/wikipedia/commons/thumb/5/56/DampierreNuclearPowerPlant-2.JPG/1024px-DampierreNuclearPowerPlant-2.JPG?uselang=fr
DAMPIERRE,https://upload.wikimedia.org/wikipedia/commons/thumb/c/c4/Dampierre-en-Burly_-_centrale_nucl%C3%A9aire.jpg/1280px-Dampierre-en-Burly_-_centrale_nucl%C3%A9aire.jpg?uselang=fr
FESSENHEIM,https://i.f1g.fr/media/figaro/orig/2018/01/18/XVM7881bb78-fc37-11e7-b72f-b653c15a5410.jpg
FESSENHEIM,https://www.usinenouvelle.com/mediatheque/7/7/3/000359377_image_896x598/vues-aeriennes-cnpe-de-fessenheim.jpg
FESSENHEIM,https://images.sudouest.fr/2015/03/02/57eb8dd166a4bd7760bdea36/golden/1200x750/les-equipes-de-la-centrale-realisent-actuellement-un-diagnostic-pour-preciser-les-causes-exactes-de-cet-evenement-precise-edf.jpg
FLAMANVILLE,https://www.edf.fr/sites/default/files/contrib/groupe-edf/producteur-industriel/carte-des-implantations/centrale-flamanville/actualites/Photos%20articles/vue_du_site_paysage.jpg
FLAMANVILLE,http://jndj.org/wp-content/uploads/2018/03/fla220-051.jpg
FLAMANVILLE,https://augier.com/contenu/uploads/Centrale-Nucl%C3%A9aire-de-Flamanville-3.jpg
FLAMANVILLE,https://lenergeek.com/wp-content/uploads/2012/10/centrale_flamanville.jpg
FLAMANVILLE,https://www.edf.fr/sites/default/files/contrib/groupe-edf/producteur-industriel/carte-des-implantations/centrale-flamanville%203%20-%20epr/S%C3%A9lections%20photos%20mensuelles/2019/fla370-012.jpg
GOLFECH,http://7seizh.info/sei-content/uploads/2017/10/EDF-Golfech-assistance-technique-lerm.jpg
GOLFECH,https://media.ouest-france.fr/v1/pictures/MjAxOTEwZjMxMzg5ZTYzMDgzYTQ2OWZlMjA4Y2RlM2FkODQ4ZTU?width=1260&height=712&focuspoint=56%2C46&cropresize=1&client_id=bpeditorial&sign=2a3a3c22d907a177002dfa3f7a258f1abb680b0f2d4236ff721dcac7e6a586a4
GOLFECH,http://d3e1m60ptf1oym.cloudfront.net/9943fc91-e746-4395-adb7-84cfabe244ef/20223_01_xgaplus.jpg
GOLFECH,https://upload.wikimedia.org/wikipedia/commons/thumb/3/3f/Golfech_auvillar.JPG/1024px-Golfech_auvillar.JPG?uselang=fr
GRAVELINES,https://www.place-communication.com/wp-content/uploads/2017/07/230246.jpg
GRAVELINES,https://france3-regions.francetvinfo.fr/hauts-de-france/sites/regions_france3/files/styles/top_big/public/assets/images/2017/11/22/maxnewsspecial138610-3372833.jpg?itok=TGxVnW8T
GRAVELINES,https://www.radio6.fr/photos/24705.jpg
GRAVELINES,https://www.edf.fr/sites/default/files/contrib/groupe-edf/producteur-industriel/carte-des-implantations/centrale-gravelines/actualites/Central%20et%20b%C3%A2t/DSC_7442.jpeg
GRAVELINES,https://lenergeek.com/wp-content/uploads/2015/02/Gravelines_Nuclear_Power_Station.jpg
GRAVELINES,http://parcheznous.info/wp-content/uploads/2017/12/CNPE-Gravelines.jpg
GRAVELINES,https://upload.wikimedia.org/wikipedia/commons/e/eb/Centrale_nucl%C3%A9aire_de_Gravelines-_construction_1.jpg?uselang=fr
NOGENT,http://jndj.org/wp-content/uploads/2014/10/nucleraire-edf-nogent.jpeg
NOGENT,https://fetedelanature.com/sites/default/files/styles/galerie_photos/public/vue_aerienne_2.jpg?itok=lTZC_uDR
PALUEL,https://www.entrepriseetdecouverte.fr/wp-content/uploads/2015/12/2201_EDF_PALUEL5.jpg
PALUEL,https://www.entrepriseetdecouverte.fr/wp-content/uploads/2015/12/2201_EDF_PALUEL4.jpg
PALUEL,https://www.familiscope.fr/assets/fiches/42000/42229-edf-francis-chanteloup.jpg
PALUEL,https://www.dieppe-meca-energies.com/msmedias/membres/EDF-CNPE-PALUEL/CNPE-Paluel-1.jpg
PENLY,https://www.dieppe-meca-energies.com/msmedias/membres/edf-centrale-de-penly/EDF-credit-photo-mediatheque-didier-marc.jpg
PENLY,https://www.entrepriseetdecouverte.fr/wp-content/uploads/2012/05/Entreprise_et_Decouverte_EDF_Penly-%C2%A9EDF-Didier-Marc.jpg
PENLY,https://www.entrepriseetdecouverte.fr/wp-content/uploads/2012/05/Entreprise_et_Decouverte_EDF_Penly-%C2%A9EDF-Marc-Caraveo.jpg
PENLY,https://cdn.radiofrance.fr/s3/cruiser-production/2019/06/9b7ef5ad-960c-4d39-bf33-a460f6c2e7c3/1200x680_maxnewsworldfour835197.jpg
ST_ALBAN,https://www.isere-tourisme.com/sites/default/files/sitra/4763434_2349390.jpg
ST_ALBAN,https://www.edf.fr/sites/default/files/contrib/groupe-edf/producteur-industriel/carte-des-implantations/centrale-saint-alban/actualites/img_9141.jpg
ST_ALBAN,https://www.eyzin-pinet.fr/wp-content/uploads/2019/07/img_9207.jpg
ST_ALBAN,https://www.edf.fr/sites/default/files/contrib/groupe-edf/producteur-industriel/carte-des-implantations/centrale-saint-alban/actualites/photo.jpg
ST_ALBAN,https://upload.wikimedia.org/wikipedia/commons/2/2f/Centrale_nucl%C3%A9aire_de_Saint-Alban.jpg?uselang=fr
ST_LAURENT,https://www.edf.fr/sites/default/files/contrib/groupe-edf/producteur-industriel/carte-des-implantations/centrale-saint-laurent-des-eaux/actualites/photo_slb_en_at.jpg
ST_LAURENT,https://www.edf.fr/sites/default/files/contrib/groupe-edf/producteur-industriel/carte-des-implantations/centrale-saint-laurent-des-eaux/actualites/photo_cnpe_tranche_1_a_larret_c.jpg
ST_LAURENT,https://images.lanouvellerepublique.fr/image/upload/5c8fd495465958857a8b4567.jpg
ST_LAURENT,https://upload.wikimedia.org/wikipedia/commons/thumb/f/f1/Centrale-nucleaire-Saint-Laurent-des-eaux.jpg/1280px-Centrale-nucleaire-Saint-Laurent-des-eaux.jpg?uselang=fr
ST_LAURENT,https://upload.wikimedia.org/wikipedia/commons/thumb/9/97/Saint-Laurent_des_Eaux_Centrale_%281%29.jpg/1024px-Saint-Laurent_des_Eaux_Centrale_%281%29.jpg?uselang=fr
TRICASTIN,https://www.edf.fr/sites/default/files/contrib/groupe-edf/producteur-industriel/carte-des-implantations/centrale-tricastin/actualites/centrale.jpg
TRICASTIN,http://florence-cerbai.fr/wp-content/uploads/2017/10/3025_EDF_TRICASTIN3.jpg
TRICASTIN,https://www.usinenouvelle.com/mediatheque/8/0/6/000594608/centrale-nucleaire-tricastin.jpg
TRICASTIN,https://cache.larvf.com/data/fichiers/4s/capturedecran2017-02-23a17012.png
TRICASTIN,https://upload.wikimedia.org/wikipedia/commons/thumb/4/43/Saint_Restitut_-_vue_sur_la_centrale_nucl%C3%A9aire_du_Tricastin_2.jpg/1280px-Saint_Restitut_-_vue_sur_la_centrale_nucl%C3%A9aire_du_Tricastin_2.jpg?uselang=fr
